11,Matthew Adams,23,GK,7,1
12,Christopher Moore,34,CB,40,1
13,Christian Villarreal,26,LB,44,1
14,Andre Buck,19,RB,16,1
15,Joseph Perez,19,CDM,48,1
16,James Delgado,23,CM,21,1
17,Logan Douglas,24,CAM,25,1
18,Charles Jones,22,LM,88,1
19,Nathaniel Frank,34,RM,21,1
110,Sean Robinson,27,LW,12,1
111,Patrick Mckinney,19,RW,77,1
112,Jason Lopez,30,ST,22,1
113,Steven Hill,35,CM,82,1
114,Stephen Russell,27,LM,79,1
115,George Johnson,26,ST,31,1
21,Aaron Evans DVM,33,GK,49,2
22,Brian Terry DDS,34,CB,78,2
23,Bradley Walker,24,LB,72,2
24,John Green,24,RB,17,2
25,William Petty,35,CDM,74,2
26,Rodney Farley,29,CM,55,2
27,Timothy Stevens,34,CAM,70,2
28,Francisco Bennett,21,LM,19,2
29,Todd Lloyd,20,RM,35,2
210,Ricky Martinez,35,LW,62,2
211,Steven Walker,25,RW,46,2
212,Jake Hamilton,29,ST,48,2
213,Jack Elliott,19,RM,20,2
214,Steven Alvarado,32,RW,65,2
215,Marc Jackson,20,CB,71,2
31,Jason Fisher,22,GK,98,3
32,Christian Reed,33,CB,43,3
33,Paul Martinez,22,LB,3,3
34,Steven Gonzalez,23,RB,54,3
35,Jacob Reid,29,CDM,45,3
36,David Mahoney,33,CM,28,3
37,Mr. Barry Sparks,25,CAM,36,3
38,Dylan Dodson,31,LM,3,3
39,Jeffery Dominguez,29,RM,9,3
310,Andrew Reyes,22,LW,6,3
311,Corey Davis,20,RW,34,3
312,Preston Miller,18,ST,34,3
313,Christopher Conway,28,LM,56,3
314,Bryan Andrews PhD,27,GK,41,3
315,Benjamin Ryan,23,CM,58,3
41,William Brown,22,GK,22,4
42,Benjamin Hernandez,34,CB,26,4
43,David Hoffman,21,LB,50,4
44,David Bailey,20,RB,33,4
45,Scott Cameron,29,CDM,2,4
46,Edward Hanson,24,CM,63,4
47,Gregory Perry,24,CAM,92,4
48,Joshua Clark,31,LM,23,4
49,Stephen Bass,34,RM,11,4
410,Sean Peck,23,LW,71,4
411,David Middleton,28,RW,23,4
412,Jonathan Ball,29,ST,12,4
413,Daniel Haynes,18,LW,23,4
414,Fred Snyder,19,RM,68,4
415,Jason Lee,28,LM,22,4
51,Christopher Zamora,34,GK,19,5
52,Clayton Walter,30,CB,19,5
53,Christopher Bright,25,LB,46,5
54,Robert Cardenas,21,RB,78,5
55,Jacob Baker,34,CDM,31,5
56,Richard Gallagher,35,CM,54,5
57,Kevin Haynes,18,CAM,33,5
58,Michael Williams,32,LM,92,5
59,James Garcia,21,RM,70,5
510,Gregory Mitchell,23,LW,52,5
511,Jason Martinez,20,RW,48,5
512,Willie Harrison MD,28,ST,71,5
513,Charles Porter,23,LM,64,5
514,Mr. Carl Berger,33,CAM,82,5
515,Bradley Edwards,27,GK,84,5
61,Michael Kim,29,GK,33,6
62,Christopher Day,18,CB,86,6
63,William Tucker,27,LB,91,6
64,Nicholas Wiley,30,RB,87,6
65,Benjamin Vance,19,CDM,1,6
66,Karl Hill,32,CM,95,6
67,Gabriel Murphy,28,CAM,88,6
68,Craig Lane,18,LM,51,6
69,Ronald Nelson,21,RM,21,6
610,Kevin Santana,22,LW,88,6
611,Todd Smith,33,RW,88,6
612,James Owens,19,ST,65,6
613,Peter Nunez,21,ST,80,6
614,Eric Wilkinson,20,GK,2,6
615,Michael Webster,28,LW,86,6
71,Edward Hughes,28,GK,27,7
72,Alexander Hernandez,22,CB,63,7
73,Adam Rodriguez,30,LB,79,7
74,Brian Castillo,19,RB,70,7
75,Tyler Kelley PhD,28,CDM,12,7
76,Darrell Kelly,25,CM,53,7
77,Joseph Merritt,33,CAM,43,7
78,Jerry Shaw,18,LM,97,7
79,Rodney Elliott,26,RM,77,7
710,Aaron Lee,20,LW,93,7
711,Colin Henry,20,RW,75,7
712,Danny Velasquez,22,ST,3,7
713,David Smith,26,GK,24,7
714,Michael Howard,31,RM,10,7
715,Ryan Edwards,33,CDM,37,7
81,Mark Frye,23,GK,29,8
82,William Norman,35,CB,25,8
83,William Nichols,23,LB,18,8
84,Andrew Lloyd,20,RB,62,8
85,Eric Scott,25,CDM,65,8
86,Troy Blair,26,CM,98,8
87,John Jensen,35,CAM,17,8
88,Christopher Maynard,27,LM,66,8
89,Dustin Rodriguez,19,RM,38,8
810,Brian Roberts,24,LW,96,8
811,Joe Adams,24,RW,50,8
812,James Smith,26,ST,30,8
813,Adam Brady,33,RW,4,8
814,Bradley Sheppard,25,CB,50,8
815,Daryl Cobb,31,LB,63,8
91,Robert Doyle,26,GK,24,9
92,David Ward,19,CB,45,9
93,Jason Brown,35,LB,66,9
94,Vincent Guerrero,33,RB,10,9
95,Timothy Harvey,24,CDM,25,9
96,James Lang,30,CM,3,9
97,Jonathan David,26,CAM,80,9
98,Mr. Kevin Mcneil,18,LM,92,9
99,Brett Taylor,27,RM,41,9
910,Kevin Jenkins,23,LW,72,9
911,Joseph Goodwin,22,RW,96,9
912,Christopher Cook,33,ST,48,9
913,Joshua Madden,31,LB,37,9
914,Juan Miller,19,GK,43,9
915,Anthony Shaw,32,LB,36,9
101,Paul Williams,29,GK,39,10
102,Michael Butler,21,CB,76,10
103,Mr. Chad Avila,28,LB,67,10
104,James Howell,35,RB,97,10
105,Michael Garcia,30,CDM,51,10
106,Eric Fitzpatrick,21,CM,75,10
107,Michael Wong,34,CAM,31,10
108,Marcus Francis,32,LM,28,10
109,Christopher Perez,30,RM,38,10
1010,Marc Bates,30,LW,5,10
1011,Darryl Clark,31,RW,12,10
1012,Joseph Williamson,29,ST,51,10
1013,Cory Johnson,18,ST,71,10
1014,Mr. Bryce Anderson,33,RB,42,10
1015,Jim Love,25,CB,15,10
111,Matthew Bowman,27,GK,33,11
112,Richard Sanchez,24,CB,31,11
113,Andrew Martin,26,LB,62,11
114,Carl Smith,31,RB,36,11
115,Phillip Willis,31,CDM,27,11
116,David Banks,25,CM,22,11
117,Christopher Ellison,30,CAM,43,11
118,Richard Robinson,23,LM,59,11
119,Justin Weiss,35,RM,85,11
1110,Ian Cook,24,LW,73,11
1111,Omar Burgess,34,RW,69,11
1112,Douglas Garcia,31,ST,85,11
1113,Jacob Chen,23,RB,26,11
1114,Roberto Guerrero,32,LW,44,11
1115,Isaac Meyer,19,ST,64,11
121,Jonathan Terry,31,GK,97,12
122,Billy Moreno,35,CB,79,12
123,Kristopher Espinoza,26,LB,76,12
124,Christopher Sims,23,RB,19,12
125,Mr. John Love MD,21,CDM,67,12
126,Mr. Christian Garner,32,CM,61,12
127,Jacob Hernandez,29,CAM,79,12
128,Kevin Mercado,35,LM,50,12
129,Tyler Gonzalez,20,RM,96,12
1210,Mark Lee,26,LW,31,12
1211,Michael Myers,29,RW,34,12
1212,Nicholas Mccarty,33,ST,46,12
1213,Andrew Harrington,22,LM,36,12
1214,Jason Taylor,30,GK,60,12
1215,Bobby Johnson,20,CB,95,12
131,Brandon Brown,27,GK,82,13
132,Harry Myers,26,CB,55,13
133,Collin Pearson,25,LB,42,13
134,Dylan Phillips,32,RB,85,13
135,Hector Holt,18,CDM,10,13
136,Derek Cooper,27,CM,76,13
137,Louis Baker,25,CAM,30,13
138,Aaron Crawford,35,LM,28,13
139,Joshua Hunt,26,RM,53,13
1310,Andre Edwards,22,LW,64,13
1311,Garrett French,24,RW,1,13
1312,Keith Wu,28,ST,33,13
1313,Brian Johnson,29,RW,48,13
1314,Michael Diaz,21,RB,13,13
1315,Jason Miller,35,LB,58,13
141,Robert Krueger,18,GK,92,14
142,Corey Smith,29,CB,97,14
143,Eric Singh,19,LB,95,14
144,Roger Lowe,26,RB,16,14
145,Michael Peters,26,CDM,44,14
146,Marc Sutton,23,CM,47,14
147,Ryan Lopez,35,CAM,54,14
148,Charles Garza,25,LM,7,14
149,Billy Hines,33,RM,41,14
1410,Karl Berry,29,LW,9,14
1411,Patrick Chang,32,RW,61,14
1412,Scott Williams,18,ST,35,14
1413,Brandon Acosta,20,LB,49,14
1414,Mitchell Beck,28,CM,61,14
1415,Anthony Williams,35,CB,54,14
151,Richard Johnson,25,GK,66,15
152,William Jenkins,31,CB,83,15
153,David Myers,21,LB,61,15
154,James Sullivan,34,RB,67,15
155,Aaron Robinson,23,CDM,28,15
156,Austin Doyle,25,CM,5,15
157,Randall Adkins,23,CAM,77,15
158,Alan Fuller,32,LM,52,15
159,Francisco Brown,22,RM,3,15
1510,Christopher Foster,18,LW,51,15
1511,Kirk Roth,20,RW,86,15
1512,Eric Jones,22,ST,69,15
1513,Eric Moore,20,CM,59,15
1514,Joshua Gilbert,26,RM,51,15
1515,Alan Stewart,24,CB,26,15
161,Alex Reyes,23,GK,39,16
162,Alex Russell,23,CB,64,16
163,Matthew Burke,24,LB,10,16
164,Kevin Carr,33,RB,5,16
165,Timothy Wong,23,CDM,67,16
166,Alex Sanders,19,CM,86,16
167,Troy Perry,34,CAM,96,16
168,Gregg Miller,30,LM,7,16
169,Michael Murray,34,RM,39,16
1610,Steven English,33,LW,18,16
1611,Stephen Johnson,19,RW,89,16
1612,Matthew Jarvis,32,ST,28,16
1613,Gary Powell,21,RB,7,16
1614,William Brown,19,RW,60,16
1615,Ralph Cole,32,LW,9,16
171,Jonathan Patterson,29,GK,99,17
172,Robert Mccarthy,30,CB,36,17
173,Donald Hunt,19,LB,5,17
174,Hunter Bates,24,RB,70,17
175,Victor Dean,33,CDM,72,17
176,Brandon Martin,27,CM,91,17
177,Phillip Ramos,33,CAM,79,17
178,Shawn Allen,28,LM,13,17
179,Raymond Dominguez,28,RM,19,17
1710,Manuel Carlson,27,LW,72,17
1711,David Frazier,27,RW,87,17
1712,Michael Pacheco,18,ST,63,17
1713,William Guzman,24,RW,28,17
1714,Dr. Nicholas Walters,32,RB,69,17
1715,Lance Johnson,25,LB,63,17
181,Michael Davis,24,GK,83,18
182,Todd Yoder,28,CB,82,18
183,Clayton Cruz,30,LB,91,18
184,Benjamin Stewart,28,RB,18,18
185,James Hurley,34,CDM,84,18
186,Jason Stanley,26,CM,69,18
187,Michael Campbell,29,CAM,25,18
188,Mitchell Brown,19,LM,30,18
189,Jacob Ray,35,RM,21,18
1810,Jason James,30,LW,30,18
1811,Jason Hess,18,RW,89,18
1812,Dylan Crawford,22,ST,65,18
1813,Robert Kelly,31,RM,6,18
1814,William Gillespie,34,ST,36,18
1815,Ryan Hale,35,CAM,20,18
191,Cameron Evans,19,GK,86,19
192,Jonathan Harrison,25,CB,12,19
193,Timothy Gordon,34,LB,12,19
194,Charles Welch,23,RB,43,19
195,Bryan Bryan,25,CDM,12,19
196,Christopher Miller,24,CM,91,19
197,Brian Bowen,18,CAM,2,19
198,Eric Martin,28,LM,26,19
199,Joshua Garcia,31,RM,35,19
1910,George Bryant,29,LW,91,19
1911,Michael Neal,34,RW,62,19
1912,Daniel Roth,31,ST,58,19
1913,Timothy Zamora,23,ST,74,19
1914,William Dixon,31,RW,90,19
1915,Peter Rush,24,LM,11,19
201,Christopher Hughes,32,GK,64,20
202,Andrew Dixon,23,CB,12,20
203,Mark Franklin,19,LB,17,20
204,Ryan Lynch,33,RB,89,20
205,Ryan Solis,35,CDM,14,20
206,Scott Ramos Jr.,20,CM,56,20
207,Nicholas Sandoval,20,CAM,83,20
208,Frederick Pugh,20,LM,71,20
209,Andrew Marks,25,RM,4,20
2010,Dakota Rice,22,LW,69,20
2011,Edward Turner,19,RW,35,20
2012,Brian Smith,35,ST,88,20
2013,Zachary Contreras,31,LW,52,20
2014,Joshua Hughes,32,CM,32,20
2015,Robert Hooper,31,CB,35,20
211,Mr. Benjamin Russell,28,GK,20,21
212,Gregory Moore,25,CB,73,21
213,Eric Pitts,29,LB,47,21
214,Michael Thomas,34,RB,19,21
215,Kevin Chang,28,CDM,51,21
216,Kevin Munoz,25,CM,13,21
217,Paul Moran,31,CAM,59,21
218,Jason Castro,24,LM,55,21
219,John Long,33,RM,82,21
2110,John Rogers,34,LW,3,21
2111,Michael Butler,18,RW,77,21
2112,Joseph Smith,30,ST,32,21
2113,Shawn Soto,26,LM,1,21
2114,Tracy Mcdonald,32,RM,99,21
2115,Daniel Chambers,23,LM,97,21
221,Howard Harris,19,GK,26,22
222,Erik Murphy,33,CB,39,22
223,Lonnie Calhoun,19,LB,24,22
224,Reginald Newman,34,RB,26,22
225,Johnny Williams,32,CDM,66,22
226,Noah Stephens,35,CM,67,22
227,Zachary Barnes,26,CAM,73,22
228,Benjamin Adams,32,LM,33,22
229,Alexander Chang DVM,35,RM,18,22
2210,Eric Gomez,22,LW,16,22
2211,John Avila,35,RW,14,22
2212,Peter Robinson,28,ST,63,22
2213,Michael Henderson,29,CDM,30,22
2214,Thomas Johnson,25,GK,64,22
2215,Anthony Smith,27,LM,28,22
231,George Anderson,20,GK,78,23
232,Dennis Wells,31,CB,62,23
233,Donald Gonzalez,29,LB,62,23
234,Bob Wood,20,RB,77,23
235,Nathan Miller,29,CDM,98,23
236,Jeffrey Baker,35,CM,15,23
237,Craig Hall,20,CAM,53,23
238,Nicholas Carey,20,LM,85,23
239,Mark Ross,31,RM,13,23
2310,Gregory Allen,33,LW,54,23
2311,Michael Williams,35,RW,85,23
2312,Christian Morgan,27,ST,33,23
2313,Michael Allen,20,RB,81,23
2314,Lance Smith,20,RB,94,23
2315,David Snow,33,CAM,42,23
241,Andrew White,28,GK,48,24
242,Gordon Kirby,34,CB,79,24
243,William Crawford,27,LB,21,24
244,Mike Young,22,RB,7,24
245,Jeffrey Lawson,31,CDM,52,24
246,Michael Bradshaw,20,CM,72,24
247,Christopher Davis,26,CAM,27,24
248,Ryan Smith II,31,LM,7,24
249,Daniel Mason,21,RM,96,24
2410,Kevin Adams,31,LW,85,24
2411,Anthony Rush,29,RW,65,24
2412,Joseph Higgins,26,ST,93,24
2413,Paul Charles,25,RB,46,24
2414,Luis Hardy,19,LB,17,24
2415,Paul Grant,34,LW,5,24
251,Jeremy Maxwell,35,GK,32,25
252,Dennis Scott MD,24,CB,85,25
253,Russell Chapman,25,LB,87,25
254,Peter Hull,23,RB,64,25
255,Gary Palmer,33,CDM,23,25
256,Brian Morgan,23,CM,67,25
257,Henry Turner,24,CAM,76,25
258,David Burke,26,LM,62,25
259,Nathan Steele,23,RM,94,25
2510,Antonio Ryan,26,LW,75,25
2511,Jonathan Walker,26,RW,3,25
2512,Donald Bray,20,ST,38,25
2513,Charles Watkins,26,RW,21,25
2514,John Perez,33,RB,2,25
2515,Michael Lewis,19,GK,44,25
261,Robert French,20,GK,74,26
262,Kevin Lin,25,CB,94,26
263,Cameron Mckay,27,LB,66,26
264,Gerald Jones,35,RB,47,26
265,Brian Peterson,35,CDM,83,26
266,Peter Cruz,23,CM,3,26
267,Scott Maddox,20,CAM,10,26
268,Thomas Mendez,23,LM,82,26
269,Alan Anthony,30,RM,91,26
2610,Jason Harrell,30,LW,94,26
2611,Michael Myers,30,RW,7,26
2612,Victor Allen,25,ST,41,26
2613,Paul Smith,27,LW,76,26
2614,Richard Herrera,19,LM,62,26
2615,Christopher Barr,29,LB,41,26
271,Daniel Dennis,29,GK,4,27
272,Michael Morris,29,CB,63,27
273,Jeffrey Olson,28,LB,63,27
274,Joshua Blankenship,31,RB,21,27
275,Timothy Morton,21,CDM,83,27
276,Michael Huffman,31,CM,84,27
277,Bryan Austin,30,CAM,89,27
278,Nathan Gross,24,LM,86,27
279,Christopher Collins,32,RM,70,27
2710,Richard Frank,30,LW,93,27
2711,Christopher Clark,21,RW,72,27
2712,Ian Hammond,26,ST,23,27
2713,Mark Evans,27,CM,88,27
2714,Michael Harmon,26,CB,32,27
2715,Mr. Michael Ramos,30,CM,56,27
281,Andrew Carter,22,GK,17,28
282,Ryan Preston,21,CB,73,28
283,Michael Fischer,31,LB,45,28
284,Jason Williams,23,RB,2,28
285,Jason Williams,20,CDM,42,28
286,David Sanders,35,CM,24,28
287,Scott Greene,33,CAM,35,28
288,Travis Browning,31,LM,53,28
289,Michael Cunningham,30,RM,9,28
2810,Cody Dixon,26,LW,11,28
2811,James Mathews,18,RW,37,28
2812,Kevin Smith,28,ST,80,28
2813,Mr. William Booker,28,RB,97,28
2814,Ronnie Bailey,18,ST,86,28
2815,Christopher Mcpherson,21,RW,41,28
291,Nicholas Brown,31,GK,33,29
292,Matthew West,29,CB,34,29
293,David Ingram,26,LB,29,29
294,Steven Horn,25,RB,44,29
295,Levi Baker,35,CDM,18,29
296,Daniel Cline,19,CM,11,29
297,Jared Shelton,30,CAM,59,29
298,Jordan Martinez,31,LM,70,29
299,Daniel Davis,33,RM,60,29
2910,Jonathan Newman,24,LW,28,29
2911,Brian Simmons,26,RW,76,29
2912,Christopher Davis,19,ST,4,29
2913,Jeffrey Ramos,20,RM,97,29
2914,Todd Rodriguez,28,LB,7,29
2915,Jeff Thompson,30,GK,24,29
301,Timothy White,22,GK,2,30
302,Bill Whitehead,26,CB,36,30
303,Nicholas Hall,21,LB,4,30
304,Paul Wagner,23,RB,81,30
305,Nathan Davis,29,CDM,6,30
306,Jeffrey Berry,31,CM,43,30
307,Jacob Ellis,30,CAM,87,30
308,Zachary Contreras,26,LM,79,30
309,Robert Garcia,26,RM,59,30
3010,Jay Bush,31,LW,90,30
3011,Michael Estrada,28,RW,8,30
3012,Daniel Davis,18,ST,30,30
3013,Timothy Chavez,18,CDM,19,30
3014,Jose Hood,34,CB,1,30
3015,Brandon Tucker,20,RM,34,30
311,Angel Thomas,18,GK,75,31
312,Jerry Rice,18,CB,34,31
313,Christopher Lewis,26,LB,81,31
314,Gabriel Schmitt,30,RB,47,31
315,Shawn Powell,33,CDM,51,31
316,Jeffrey Wade,31,CM,85,31
317,Brian Singleton,22,CAM,61,31
318,Phillip Cummings,24,LM,91,31
319,Zachary Braun,19,RM,63,31
3110,Eric Burgess,25,LW,14,31
3111,James Kelley,21,RW,72,31
3112,Cesar Mckenzie,23,ST,74,31
3113,David Peck,30,RB,11,31
3114,Justin Lopez,28,RM,90,31
3115,Manuel Chan,33,RW,3,31
321,David Brown,34,GK,98,32
322,Joseph Carson,19,CB,98,32
323,Robert West,24,LB,20,32
324,Alexis Avery,27,RB,19,32
325,Kevin Morris,18,CDM,59,32
326,Nicholas Clark,20,CM,46,32
327,Taylor Mendoza,29,CAM,2,32
328,Darren Morton,18,LM,30,32
329,Edward Gomez,32,RM,85,32
3210,Christopher Knight,34,LW,30,32
3211,Dennis Day MD,19,RW,41,32
3212,Edgar Graham,35,ST,3,32
3213,Peter York,21,CM,87,32
3214,Trevor Curtis,31,LB,71,32
3215,Dr. Robert Molina,22,CDM,51,32
