0,6,Christinamouth City beat Navarroview FC,1
2,6,Navarroview FC beat Christinamouth City,2
6,1,Navarroview FC beat East Regina Athletic,3
6,1,East Regina Athletic beat Navarroview FC,4
3,4,East Stevetown Athletic beat Navarroview FC,5
2,5,Navarroview FC beat East Stevetown Athletic,6
0,4,New Amanda FC beat Navarroview FC,7
1,1,Tied Game,8
6,3,Navarroview FC beat East Jason Athletic,9
6,3,East Jason Athletic beat Navarroview FC,10
1,3,Walterhaven United beat Navarroview FC,11
3,2,Walterhaven United beat Navarroview FC,12
2,1,Navarroview FC beat Santiagoborough United,13
4,1,Santiagoborough United beat Navarroview FC,14
3,0,Navarroview FC beat Woodstad United,15
1,3,Navarroview FC beat Woodstad United,16
2,2,Tied Game,17
4,1,New Bradley United beat Navarroview FC,18
3,5,Calebton FC beat Navarroview FC,19
5,5,Tied Game,20
6,4,Navarroview FC beat Rebeccaport FC,21
2,5,Navarroview FC beat Rebeccaport FC,22
1,4,Charlesberg City beat Navarroview FC,23
1,5,Navarroview FC beat Charlesberg City,24
5,2,Navarroview FC beat North Damon Athletic,25
0,5,Navarroview FC beat North Damon Athletic,26
1,1,Tied Game,27
2,0,Andersonland FC beat Navarroview FC,28
4,6,Marialand City beat Navarroview FC,29
1,2,Navarroview FC beat Marialand City,30
6,5,Navarroview FC beat Elliottmouth City,31
3,2,Elliottmouth City beat Navarroview FC,32
0,0,Tied Game,33
2,5,Navarroview FC beat Port Andrewview United,34
2,5,South Martin City beat Navarroview FC,35
0,0,Tied Game,36
0,6,Ricestad Athletic beat Navarroview FC,37
2,5,Navarroview FC beat Ricestad Athletic,38
3,0,Navarroview FC beat Mckaychester Athletic,39
5,2,Mckaychester Athletic beat Navarroview FC,40
5,3,Navarroview FC beat East Lauraport City,41
1,6,Navarroview FC beat East Lauraport City,42
4,4,Tied Game,43
0,6,Navarroview FC beat West Saraton Athletic,44
0,5,West Aaronshire FC beat Navarroview FC,45
4,6,Navarroview FC beat West Aaronshire FC,46
0,2,South Nancyborough City beat Navarroview FC,47
2,2,Tied Game,48
0,1,Ryanville FC beat Navarroview FC,49
2,3,Navarroview FC beat Ryanville FC,50
2,2,Tied Game,51
2,2,Tied Game,52
5,1,Navarroview FC beat North Kristen FC,53
1,5,Navarroview FC beat North Kristen FC,54
6,4,Navarroview FC beat New David FC,55
2,6,Navarroview FC beat New David FC,56
3,6,Harrismouth City beat Navarroview FC,57
3,2,Harrismouth City beat Navarroview FC,58
2,6,Dawnville United beat Navarroview FC,59
5,6,Navarroview FC beat Dawnville United,60
5,6,West Justin United beat Navarroview FC,61
3,5,Navarroview FC beat West Justin United,62
1,2,East Regina Athletic beat Christinamouth City,63
0,5,Christinamouth City beat East Regina Athletic,64
1,6,East Stevetown Athletic beat Christinamouth City,65
3,3,Tied Game,66
4,3,Christinamouth City beat New Amanda FC,67
1,5,Christinamouth City beat New Amanda FC,68
3,4,East Jason Athletic beat Christinamouth City,69
0,3,Christinamouth City beat East Jason Athletic,70
4,5,Walterhaven United beat Christinamouth City,71
2,3,Christinamouth City beat Walterhaven United,72
5,4,Christinamouth City beat Santiagoborough United,73
3,5,Christinamouth City beat Santiagoborough United,74
3,4,Woodstad United beat Christinamouth City,75
5,0,Woodstad United beat Christinamouth City,76
2,5,New Bradley United beat Christinamouth City,77
1,6,Christinamouth City beat New Bradley United,78
5,2,Christinamouth City beat Calebton FC,79
6,2,Calebton FC beat Christinamouth City,80
3,5,Rebeccaport FC beat Christinamouth City,81
3,0,Rebeccaport FC beat Christinamouth City,82
4,3,Christinamouth City beat Charlesberg City,83
6,1,Charlesberg City beat Christinamouth City,84
6,1,Christinamouth City beat North Damon Athletic,85
2,6,Christinamouth City beat North Damon Athletic,86
1,5,Andersonland FC beat Christinamouth City,87
5,1,Andersonland FC beat Christinamouth City,88
4,0,Christinamouth City beat Marialand City,89
5,5,Tied Game,90
3,4,Elliottmouth City beat Christinamouth City,91
1,3,Christinamouth City beat Elliottmouth City,92
4,0,Christinamouth City beat Port Andrewview United,93
1,2,Christinamouth City beat Port Andrewview United,94
0,6,South Martin City beat Christinamouth City,95
2,2,Tied Game,96
0,5,Ricestad Athletic beat Christinamouth City,97
5,0,Ricestad Athletic beat Christinamouth City,98
6,6,Tied Game,99
4,5,Christinamouth City beat Mckaychester Athletic,100
1,5,East Lauraport City beat Christinamouth City,101
1,6,Christinamouth City beat East Lauraport City,102
4,6,West Saraton Athletic beat Christinamouth City,103
0,1,Christinamouth City beat West Saraton Athletic,104
6,4,Christinamouth City beat West Aaronshire FC,105
4,2,West Aaronshire FC beat Christinamouth City,106
3,6,South Nancyborough City beat Christinamouth City,107
3,0,South Nancyborough City beat Christinamouth City,108
3,0,Christinamouth City beat Ryanville FC,109
3,1,Ryanville FC beat Christinamouth City,110
4,6,Robertside Athletic beat Christinamouth City,111
2,6,Christinamouth City beat Robertside Athletic,112
3,3,Tied Game,113
3,0,North Kristen FC beat Christinamouth City,114
2,6,New David FC beat Christinamouth City,115
2,1,New David FC beat Christinamouth City,116
1,2,Harrismouth City beat Christinamouth City,117
6,3,Harrismouth City beat Christinamouth City,118
2,0,Christinamouth City beat Dawnville United,119
1,6,Christinamouth City beat Dawnville United,120
1,6,West Justin United beat Christinamouth City,121
3,3,Tied Game,122
2,4,East Stevetown Athletic beat East Regina Athletic,123
2,2,Tied Game,124
5,3,East Regina Athletic beat New Amanda FC,125
0,5,East Regina Athletic beat New Amanda FC,126
2,0,East Regina Athletic beat East Jason Athletic,127
3,4,East Regina Athletic beat East Jason Athletic,128
5,6,Walterhaven United beat East Regina Athletic,129
2,0,Walterhaven United beat East Regina Athletic,130
1,1,Tied Game,131
5,3,Santiagoborough United beat East Regina Athletic,132
3,4,Woodstad United beat East Regina Athletic,133
4,1,Woodstad United beat East Regina Athletic,134
4,5,New Bradley United beat East Regina Athletic,135
1,6,East Regina Athletic beat New Bradley United,136
5,2,East Regina Athletic beat Calebton FC,137
5,5,Tied Game,138
2,1,East Regina Athletic beat Rebeccaport FC,139
5,3,Rebeccaport FC beat East Regina Athletic,140
6,1,East Regina Athletic beat Charlesberg City,141
0,3,East Regina Athletic beat Charlesberg City,142
1,1,Tied Game,143
2,2,Tied Game,144
6,3,East Regina Athletic beat Andersonland FC,145
3,5,East Regina Athletic beat Andersonland FC,146
0,5,Marialand City beat East Regina Athletic,147
2,5,East Regina Athletic beat Marialand City,148
2,4,Elliottmouth City beat East Regina Athletic,149
3,4,East Regina Athletic beat Elliottmouth City,150
4,3,East Regina Athletic beat Port Andrewview United,151
6,0,Port Andrewview United beat East Regina Athletic,152
5,4,East Regina Athletic beat South Martin City,153
6,3,South Martin City beat East Regina Athletic,154
1,4,Ricestad Athletic beat East Regina Athletic,155
3,6,East Regina Athletic beat Ricestad Athletic,156
1,4,Mckaychester Athletic beat East Regina Athletic,157
1,2,East Regina Athletic beat Mckaychester Athletic,158
6,3,East Regina Athletic beat East Lauraport City,159
4,6,East Regina Athletic beat East Lauraport City,160
6,0,East Regina Athletic beat West Saraton Athletic,161
6,1,West Saraton Athletic beat East Regina Athletic,162
4,4,Tied Game,163
4,0,West Aaronshire FC beat East Regina Athletic,164
3,1,East Regina Athletic beat South Nancyborough City,165
1,3,East Regina Athletic beat South Nancyborough City,166
3,5,Ryanville FC beat East Regina Athletic,167
0,6,East Regina Athletic beat Ryanville FC,168
6,6,Tied Game,169
4,0,Robertside Athletic beat East Regina Athletic,170
2,0,East Regina Athletic beat North Kristen FC,171
6,4,North Kristen FC beat East Regina Athletic,172
2,4,New David FC beat East Regina Athletic,173
0,5,East Regina Athletic beat New David FC,174
1,2,Harrismouth City beat East Regina Athletic,175
2,4,East Regina Athletic beat Harrismouth City,176
6,2,East Regina Athletic beat Dawnville United,177
5,4,Dawnville United beat East Regina Athletic,178
6,6,Tied Game,179
1,3,East Regina Athletic beat West Justin United,180
1,4,New Amanda FC beat East Stevetown Athletic,181
1,6,East Stevetown Athletic beat New Amanda FC,182
5,2,East Stevetown Athletic beat East Jason Athletic,183
2,4,East Stevetown Athletic beat East Jason Athletic,184
1,6,Walterhaven United beat East Stevetown Athletic,185
3,6,East Stevetown Athletic beat Walterhaven United,186
4,6,Santiagoborough United beat East Stevetown Athletic,187
1,4,East Stevetown Athletic beat Santiagoborough United,188
5,3,East Stevetown Athletic beat Woodstad United,189
0,0,Tied Game,190
1,3,New Bradley United beat East Stevetown Athletic,191
1,5,East Stevetown Athletic beat New Bradley United,192
1,1,Tied Game,193
6,3,Calebton FC beat East Stevetown Athletic,194
2,1,East Stevetown Athletic beat Rebeccaport FC,195
2,2,Tied Game,196
6,5,East Stevetown Athletic beat Charlesberg City,197
2,3,East Stevetown Athletic beat Charlesberg City,198
3,5,North Damon Athletic beat East Stevetown Athletic,199
6,6,Tied Game,200
6,6,Tied Game,201
1,6,East Stevetown Athletic beat Andersonland FC,202
6,4,East Stevetown Athletic beat Marialand City,203
4,5,East Stevetown Athletic beat Marialand City,204
5,1,East Stevetown Athletic beat Elliottmouth City,205
3,4,East Stevetown Athletic beat Elliottmouth City,206
2,5,Port Andrewview United beat East Stevetown Athletic,207
6,6,Tied Game,208
0,5,South Martin City beat East Stevetown Athletic,209
6,1,South Martin City beat East Stevetown Athletic,210
0,0,Tied Game,211
3,6,East Stevetown Athletic beat Ricestad Athletic,212
0,6,Mckaychester Athletic beat East Stevetown Athletic,213
0,3,East Stevetown Athletic beat Mckaychester Athletic,214
3,3,Tied Game,215
0,1,East Stevetown Athletic beat East Lauraport City,216
0,5,West Saraton Athletic beat East Stevetown Athletic,217
4,5,East Stevetown Athletic beat West Saraton Athletic,218
3,5,West Aaronshire FC beat East Stevetown Athletic,219
0,5,East Stevetown Athletic beat West Aaronshire FC,220
5,3,East Stevetown Athletic beat South Nancyborough City,221
4,1,South Nancyborough City beat East Stevetown Athletic,222
1,0,East Stevetown Athletic beat Ryanville FC,223
0,5,East Stevetown Athletic beat Ryanville FC,224
1,3,Robertside Athletic beat East Stevetown Athletic,225
2,4,East Stevetown Athletic beat Robertside Athletic,226
6,6,Tied Game,227
6,0,North Kristen FC beat East Stevetown Athletic,228
2,4,New David FC beat East Stevetown Athletic,229
0,0,Tied Game,230
6,6,Tied Game,231
1,5,East Stevetown Athletic beat Harrismouth City,232
2,5,Dawnville United beat East Stevetown Athletic,233
2,4,East Stevetown Athletic beat Dawnville United,234
4,1,East Stevetown Athletic beat West Justin United,235
6,2,West Justin United beat East Stevetown Athletic,236
2,2,Tied Game,237
3,1,East Jason Athletic beat New Amanda FC,238
4,6,Walterhaven United beat New Amanda FC,239
1,4,New Amanda FC beat Walterhaven United,240
4,1,New Amanda FC beat Santiagoborough United,241
0,5,New Amanda FC beat Santiagoborough United,242
2,5,Woodstad United beat New Amanda FC,243
3,2,Woodstad United beat New Amanda FC,244
5,3,New Amanda FC beat New Bradley United,245
0,1,New Amanda FC beat New Bradley United,246
5,5,Tied Game,247
5,3,Calebton FC beat New Amanda FC,248
4,2,New Amanda FC beat Rebeccaport FC,249
4,4,Tied Game,250
2,4,Charlesberg City beat New Amanda FC,251
2,6,New Amanda FC beat Charlesberg City,252
2,4,North Damon Athletic beat New Amanda FC,253
3,0,North Damon Athletic beat New Amanda FC,254
6,5,New Amanda FC beat Andersonland FC,255
0,5,New Amanda FC beat Andersonland FC,256
5,6,Marialand City beat New Amanda FC,257
0,4,New Amanda FC beat Marialand City,258
3,2,New Amanda FC beat Elliottmouth City,259
3,3,Tied Game,260
1,6,Port Andrewview United beat New Amanda FC,261
3,4,New Amanda FC beat Port Andrewview United,262
5,5,Tied Game,263
3,0,South Martin City beat New Amanda FC,264
3,0,New Amanda FC beat Ricestad Athletic,265
1,5,New Amanda FC beat Ricestad Athletic,266
5,0,New Amanda FC beat Mckaychester Athletic,267
6,5,Mckaychester Athletic beat New Amanda FC,268
2,6,East Lauraport City beat New Amanda FC,269
0,1,New Amanda FC beat East Lauraport City,270
6,3,New Amanda FC beat West Saraton Athletic,271
1,4,New Amanda FC beat West Saraton Athletic,272
4,5,West Aaronshire FC beat New Amanda FC,273
0,6,New Amanda FC beat West Aaronshire FC,274
0,0,Tied Game,275
1,5,New Amanda FC beat South Nancyborough City,276
1,6,Ryanville FC beat New Amanda FC,277
2,0,Ryanville FC beat New Amanda FC,278
4,3,New Amanda FC beat Robertside Athletic,279
3,4,New Amanda FC beat Robertside Athletic,280
3,1,New Amanda FC beat North Kristen FC,281
6,3,North Kristen FC beat New Amanda FC,282
5,3,New Amanda FC beat New David FC,283
4,3,New David FC beat New Amanda FC,284
2,3,Harrismouth City beat New Amanda FC,285
0,4,New Amanda FC beat Harrismouth City,286
1,6,Dawnville United beat New Amanda FC,287
6,3,Dawnville United beat New Amanda FC,288
0,4,West Justin United beat New Amanda FC,289
6,4,West Justin United beat New Amanda FC,290
2,5,Walterhaven United beat East Jason Athletic,291
3,6,East Jason Athletic beat Walterhaven United,292
0,1,Santiagoborough United beat East Jason Athletic,293
2,3,East Jason Athletic beat Santiagoborough United,294
0,5,Woodstad United beat East Jason Athletic,295
5,1,Woodstad United beat East Jason Athletic,296
2,0,East Jason Athletic beat New Bradley United,297
0,4,East Jason Athletic beat New Bradley United,298
0,1,Calebton FC beat East Jason Athletic,299
1,5,East Jason Athletic beat Calebton FC,300
1,2,Rebeccaport FC beat East Jason Athletic,301
3,0,Rebeccaport FC beat East Jason Athletic,302
0,5,Charlesberg City beat East Jason Athletic,303
2,4,East Jason Athletic beat Charlesberg City,304
0,0,Tied Game,305
5,1,North Damon Athletic beat East Jason Athletic,306
6,3,East Jason Athletic beat Andersonland FC,307
0,3,East Jason Athletic beat Andersonland FC,308
1,5,Marialand City beat East Jason Athletic,309
5,0,Marialand City beat East Jason Athletic,310
6,2,East Jason Athletic beat Elliottmouth City,311
5,5,Tied Game,312
6,4,East Jason Athletic beat Port Andrewview United,313
0,2,East Jason Athletic beat Port Andrewview United,314
0,0,Tied Game,315
0,1,East Jason Athletic beat South Martin City,316
0,1,Ricestad Athletic beat East Jason Athletic,317
0,2,East Jason Athletic beat Ricestad Athletic,318
2,0,East Jason Athletic beat Mckaychester Athletic,319
2,3,East Jason Athletic beat Mckaychester Athletic,320
4,2,East Jason Athletic beat East Lauraport City,321
5,3,East Lauraport City beat East Jason Athletic,322
0,6,West Saraton Athletic beat East Jason Athletic,323
4,1,West Saraton Athletic beat East Jason Athletic,324
6,3,East Jason Athletic beat West Aaronshire FC,325
0,4,East Jason Athletic beat West Aaronshire FC,326
5,2,East Jason Athletic beat South Nancyborough City,327
6,4,South Nancyborough City beat East Jason Athletic,328
6,6,Tied Game,329
4,0,Ryanville FC beat East Jason Athletic,330
6,5,East Jason Athletic beat Robertside Athletic,331
2,2,Tied Game,332
0,6,North Kristen FC beat East Jason Athletic,333
1,0,North Kristen FC beat East Jason Athletic,334
3,6,New David FC beat East Jason Athletic,335
5,3,New David FC beat East Jason Athletic,336
1,6,Harrismouth City beat East Jason Athletic,337
1,1,Tied Game,338
5,5,Tied Game,339
6,2,Dawnville United beat East Jason Athletic,340
5,6,West Justin United beat East Jason Athletic,341
3,3,Tied Game,342
2,4,Santiagoborough United beat Walterhaven United,343
6,1,Santiagoborough United beat Walterhaven United,344
5,0,Walterhaven United beat Woodstad United,345
5,6,Walterhaven United beat Woodstad United,346
5,6,New Bradley United beat Walterhaven United,347
2,0,New Bradley United beat Walterhaven United,348
6,2,Walterhaven United beat Calebton FC,349
5,5,Tied Game,350
3,2,Walterhaven United beat Rebeccaport FC,351
3,6,Walterhaven United beat Rebeccaport FC,352
1,2,Charlesberg City beat Walterhaven United,353
3,5,Walterhaven United beat Charlesberg City,354
6,4,Walterhaven United beat North Damon Athletic,355
3,3,Tied Game,356
5,5,Tied Game,357
1,2,Walterhaven United beat Andersonland FC,358
1,4,Marialand City beat Walterhaven United,359
4,4,Tied Game,360
5,5,Tied Game,361
5,1,Elliottmouth City beat Walterhaven United,362
3,5,Port Andrewview United beat Walterhaven United,363
6,1,Port Andrewview United beat Walterhaven United,364
5,6,South Martin City beat Walterhaven United,365
5,4,South Martin City beat Walterhaven United,366
0,2,Ricestad Athletic beat Walterhaven United,367
3,4,Walterhaven United beat Ricestad Athletic,368
6,2,Walterhaven United beat Mckaychester Athletic,369
5,5,Tied Game,370
4,4,Tied Game,371
0,0,Tied Game,372
3,3,Tied Game,373
3,4,Walterhaven United beat West Saraton Athletic,374
4,0,Walterhaven United beat West Aaronshire FC,375
0,6,Walterhaven United beat West Aaronshire FC,376
0,0,Tied Game,377
2,5,Walterhaven United beat South Nancyborough City,378
3,2,Walterhaven United beat Ryanville FC,379
1,4,Walterhaven United beat Ryanville FC,380
4,2,Walterhaven United beat Robertside Athletic,381
1,0,Robertside Athletic beat Walterhaven United,382
6,4,Walterhaven United beat North Kristen FC,383
5,1,North Kristen FC beat Walterhaven United,384
3,6,New David FC beat Walterhaven United,385
1,6,Walterhaven United beat New David FC,386
3,6,Harrismouth City beat Walterhaven United,387
1,0,Harrismouth City beat Walterhaven United,388
0,1,Dawnville United beat Walterhaven United,389
3,1,Dawnville United beat Walterhaven United,390
6,4,Walterhaven United beat West Justin United,391
6,0,West Justin United beat Walterhaven United,392
5,2,Santiagoborough United beat Woodstad United,393
0,6,Santiagoborough United beat Woodstad United,394
0,3,New Bradley United beat Santiagoborough United,395
3,1,New Bradley United beat Santiagoborough United,396
4,6,Calebton FC beat Santiagoborough United,397
2,4,Santiagoborough United beat Calebton FC,398
2,0,Santiagoborough United beat Rebeccaport FC,399
6,4,Rebeccaport FC beat Santiagoborough United,400
2,3,Charlesberg City beat Santiagoborough United,401
5,6,Santiagoborough United beat Charlesberg City,402
4,5,North Damon Athletic beat Santiagoborough United,403
5,3,North Damon Athletic beat Santiagoborough United,404
1,3,Andersonland FC beat Santiagoborough United,405
0,4,Santiagoborough United beat Andersonland FC,406
1,1,Tied Game,407
1,3,Santiagoborough United beat Marialand City,408
4,3,Santiagoborough United beat Elliottmouth City,409
4,4,Tied Game,410
4,1,Santiagoborough United beat Port Andrewview United,411
6,0,Port Andrewview United beat Santiagoborough United,412
5,4,Santiagoborough United beat South Martin City,413
2,1,South Martin City beat Santiagoborough United,414
1,0,Santiagoborough United beat Ricestad Athletic,415
3,5,Santiagoborough United beat Ricestad Athletic,416
1,6,Mckaychester Athletic beat Santiagoborough United,417
2,3,Santiagoborough United beat Mckaychester Athletic,418
6,6,Tied Game,419
5,1,East Lauraport City beat Santiagoborough United,420
1,1,Tied Game,421
0,0,Tied Game,422
2,4,West Aaronshire FC beat Santiagoborough United,423
3,1,West Aaronshire FC beat Santiagoborough United,424
3,1,Santiagoborough United beat South Nancyborough City,425
6,3,South Nancyborough City beat Santiagoborough United,426
3,2,Santiagoborough United beat Ryanville FC,427
6,1,Ryanville FC beat Santiagoborough United,428
2,6,Robertside Athletic beat Santiagoborough United,429
0,0,Tied Game,430
2,3,North Kristen FC beat Santiagoborough United,431
1,6,Santiagoborough United beat North Kristen FC,432
3,6,New David FC beat Santiagoborough United,433
6,6,Tied Game,434
5,5,Tied Game,435
1,0,Harrismouth City beat Santiagoborough United,436
2,0,Santiagoborough United beat Dawnville United,437
4,1,Dawnville United beat Santiagoborough United,438
6,2,Santiagoborough United beat West Justin United,439
1,6,Santiagoborough United beat West Justin United,440
3,4,New Bradley United beat Woodstad United,441
1,2,Woodstad United beat New Bradley United,442
0,2,Calebton FC beat Woodstad United,443
5,3,Calebton FC beat Woodstad United,444
2,3,Rebeccaport FC beat Woodstad United,445
1,1,Tied Game,446
5,1,Woodstad United beat Charlesberg City,447
5,3,Charlesberg City beat Woodstad United,448
6,1,Woodstad United beat North Damon Athletic,449
1,2,Woodstad United beat North Damon Athletic,450
5,5,Tied Game,451
6,3,Andersonland FC beat Woodstad United,452
1,2,Marialand City beat Woodstad United,453
1,5,Woodstad United beat Marialand City,454
6,5,Woodstad United beat Elliottmouth City,455
6,3,Elliottmouth City beat Woodstad United,456
2,5,Port Andrewview United beat Woodstad United,457
0,4,Woodstad United beat Port Andrewview United,458
0,0,Tied Game,459
3,4,Woodstad United beat South Martin City,460
3,6,Ricestad Athletic beat Woodstad United,461
2,4,Woodstad United beat Ricestad Athletic,462
3,3,Tied Game,463
0,4,Woodstad United beat Mckaychester Athletic,464
2,6,East Lauraport City beat Woodstad United,465
4,0,East Lauraport City beat Woodstad United,466
6,3,Woodstad United beat West Saraton Athletic,467
1,2,Woodstad United beat West Saraton Athletic,468
1,3,West Aaronshire FC beat Woodstad United,469
4,5,Woodstad United beat West Aaronshire FC,470
4,4,Tied Game,471
1,3,Woodstad United beat South Nancyborough City,472
4,1,Woodstad United beat Ryanville FC,473
1,5,Woodstad United beat Ryanville FC,474
4,1,Woodstad United beat Robertside Athletic,475
0,1,Woodstad United beat Robertside Athletic,476
5,6,North Kristen FC beat Woodstad United,477
0,6,Woodstad United beat North Kristen FC,478
1,0,Woodstad United beat New David FC,479
0,2,Woodstad United beat New David FC,480
2,0,Woodstad United beat Harrismouth City,481
4,3,Harrismouth City beat Woodstad United,482
5,0,Woodstad United beat Dawnville United,483
5,3,Dawnville United beat Woodstad United,484
5,4,Woodstad United beat West Justin United,485
0,4,Woodstad United beat West Justin United,486
1,0,New Bradley United beat Calebton FC,487
5,4,Calebton FC beat New Bradley United,488
4,0,New Bradley United beat Rebeccaport FC,489
5,4,Rebeccaport FC beat New Bradley United,490
0,2,Charlesberg City beat New Bradley United,491
4,1,Charlesberg City beat New Bradley United,492
3,6,North Damon Athletic beat New Bradley United,493
4,6,New Bradley United beat North Damon Athletic,494
5,0,New Bradley United beat Andersonland FC,495
3,2,Andersonland FC beat New Bradley United,496
0,0,Tied Game,497
2,0,Marialand City beat New Bradley United,498
3,0,New Bradley United beat Elliottmouth City,499
4,3,Elliottmouth City beat New Bradley United,500
3,3,Tied Game,501
0,6,New Bradley United beat Port Andrewview United,502
1,5,South Martin City beat New Bradley United,503
2,6,New Bradley United beat South Martin City,504
2,0,New Bradley United beat Ricestad Athletic,505
1,4,New Bradley United beat Ricestad Athletic,506
2,3,Mckaychester Athletic beat New Bradley United,507
5,1,Mckaychester Athletic beat New Bradley United,508
4,0,New Bradley United beat East Lauraport City,509
4,1,East Lauraport City beat New Bradley United,510
1,6,West Saraton Athletic beat New Bradley United,511
6,2,West Saraton Athletic beat New Bradley United,512
5,1,New Bradley United beat West Aaronshire FC,513
2,4,New Bradley United beat West Aaronshire FC,514
3,5,South Nancyborough City beat New Bradley United,515
0,2,New Bradley United beat South Nancyborough City,516
0,4,Ryanville FC beat New Bradley United,517
2,4,New Bradley United beat Ryanville FC,518
4,4,Tied Game,519
6,0,Robertside Athletic beat New Bradley United,520
1,0,New Bradley United beat North Kristen FC,521
4,4,Tied Game,522
0,3,New David FC beat New Bradley United,523
1,1,Tied Game,524
2,6,Harrismouth City beat New Bradley United,525
1,2,New Bradley United beat Harrismouth City,526
0,2,Dawnville United beat New Bradley United,527
1,4,New Bradley United beat Dawnville United,528
4,0,New Bradley United beat West Justin United,529
4,2,West Justin United beat New Bradley United,530
6,3,Calebton FC beat Rebeccaport FC,531
6,6,Tied Game,532
4,1,Calebton FC beat Charlesberg City,533
4,5,Calebton FC beat Charlesberg City,534
5,4,Calebton FC beat North Damon Athletic,535
4,2,North Damon Athletic beat Calebton FC,536
1,2,Andersonland FC beat Calebton FC,537
6,4,Andersonland FC beat Calebton FC,538
5,2,Calebton FC beat Marialand City,539
0,4,Calebton FC beat Marialand City,540
5,6,Elliottmouth City beat Calebton FC,541
6,4,Elliottmouth City beat Calebton FC,542
6,5,Calebton FC beat Port Andrewview United,543
5,6,Calebton FC beat Port Andrewview United,544
5,3,Calebton FC beat South Martin City,545
2,6,Calebton FC beat South Martin City,546
2,5,Ricestad Athletic beat Calebton FC,547
4,1,Ricestad Athletic beat Calebton FC,548
0,0,Tied Game,549
0,2,Calebton FC beat Mckaychester Athletic,550
6,2,Calebton FC beat East Lauraport City,551
6,5,East Lauraport City beat Calebton FC,552
3,6,West Saraton Athletic beat Calebton FC,553
4,6,Calebton FC beat West Saraton Athletic,554
2,5,West Aaronshire FC beat Calebton FC,555
6,2,West Aaronshire FC beat Calebton FC,556
6,4,Calebton FC beat South Nancyborough City,557
3,5,Calebton FC beat South Nancyborough City,558
0,0,Tied Game,559
3,4,Calebton FC beat Ryanville FC,560
6,6,Tied Game,561
1,5,Calebton FC beat Robertside Athletic,562
6,3,Calebton FC beat North Kristen FC,563
1,4,Calebton FC beat North Kristen FC,564
2,3,New David FC beat Calebton FC,565
0,6,Calebton FC beat New David FC,566
6,4,Calebton FC beat Harrismouth City,567
3,2,Harrismouth City beat Calebton FC,568
6,2,Calebton FC beat Dawnville United,569
4,5,Calebton FC beat Dawnville United,570
2,5,West Justin United beat Calebton FC,571
0,3,Calebton FC beat West Justin United,572
0,2,Charlesberg City beat Rebeccaport FC,573
6,0,Charlesberg City beat Rebeccaport FC,574
3,5,North Damon Athletic beat Rebeccaport FC,575
0,0,Tied Game,576
0,6,Andersonland FC beat Rebeccaport FC,577
6,2,Andersonland FC beat Rebeccaport FC,578
2,4,Marialand City beat Rebeccaport FC,579
6,2,Marialand City beat Rebeccaport FC,580
4,5,Elliottmouth City beat Rebeccaport FC,581
4,5,Rebeccaport FC beat Elliottmouth City,582
0,6,Port Andrewview United beat Rebeccaport FC,583
2,2,Tied Game,584
1,4,South Martin City beat Rebeccaport FC,585
5,1,South Martin City beat Rebeccaport FC,586
3,4,Ricestad Athletic beat Rebeccaport FC,587
2,1,Ricestad Athletic beat Rebeccaport FC,588
0,2,Mckaychester Athletic beat Rebeccaport FC,589
5,6,Rebeccaport FC beat Mckaychester Athletic,590
4,0,Rebeccaport FC beat East Lauraport City,591
1,5,Rebeccaport FC beat East Lauraport City,592
1,4,West Saraton Athletic beat Rebeccaport FC,593
4,2,West Saraton Athletic beat Rebeccaport FC,594
2,3,West Aaronshire FC beat Rebeccaport FC,595
6,2,West Aaronshire FC beat Rebeccaport FC,596
1,0,Rebeccaport FC beat South Nancyborough City,597
3,3,Tied Game,598
6,6,Tied Game,599
5,3,Ryanville FC beat Rebeccaport FC,600
2,6,Robertside Athletic beat Rebeccaport FC,601
2,2,Tied Game,602
2,5,North Kristen FC beat Rebeccaport FC,603
1,1,Tied Game,604
5,0,Rebeccaport FC beat New David FC,605
5,5,Tied Game,606
2,6,Harrismouth City beat Rebeccaport FC,607
2,4,Rebeccaport FC beat Harrismouth City,608
3,0,Rebeccaport FC beat Dawnville United,609
4,1,Dawnville United beat Rebeccaport FC,610
5,4,Rebeccaport FC beat West Justin United,611
6,3,West Justin United beat Rebeccaport FC,612
6,3,Charlesberg City beat North Damon Athletic,613
6,4,North Damon Athletic beat Charlesberg City,614
3,5,Andersonland FC beat Charlesberg City,615
1,4,Charlesberg City beat Andersonland FC,616
2,1,Charlesberg City beat Marialand City,617
4,3,Marialand City beat Charlesberg City,618
6,0,Charlesberg City beat Elliottmouth City,619
1,4,Charlesberg City beat Elliottmouth City,620
4,0,Charlesberg City beat Port Andrewview United,621
2,6,Charlesberg City beat Port Andrewview United,622
6,1,Charlesberg City beat South Martin City,623
4,6,Charlesberg City beat South Martin City,624
3,1,Charlesberg City beat Ricestad Athletic,625
6,0,Ricestad Athletic beat Charlesberg City,626
1,3,Mckaychester Athletic beat Charlesberg City,627
5,4,Mckaychester Athletic beat Charlesberg City,628
0,5,East Lauraport City beat Charlesberg City,629
1,5,Charlesberg City beat East Lauraport City,630
6,6,Tied Game,631
0,6,Charlesberg City beat West Saraton Athletic,632
4,5,West Aaronshire FC beat Charlesberg City,633
1,3,Charlesberg City beat West Aaronshire FC,634
0,4,South Nancyborough City beat Charlesberg City,635
4,4,Tied Game,636
4,6,Ryanville FC beat Charlesberg City,637
0,1,Charlesberg City beat Ryanville FC,638
2,1,Charlesberg City beat Robertside Athletic,639
6,1,Robertside Athletic beat Charlesberg City,640
4,5,North Kristen FC beat Charlesberg City,641
3,4,Charlesberg City beat North Kristen FC,642
2,2,Tied Game,643
2,3,Charlesberg City beat New David FC,644
0,6,Harrismouth City beat Charlesberg City,645
5,6,Charlesberg City beat Harrismouth City,646
5,6,Dawnville United beat Charlesberg City,647
6,0,Dawnville United beat Charlesberg City,648
4,1,Charlesberg City beat West Justin United,649
0,1,Charlesberg City beat West Justin United,650
5,0,North Damon Athletic beat Andersonland FC,651
5,0,Andersonland FC beat North Damon Athletic,652
1,2,Marialand City beat North Damon Athletic,653
4,1,Marialand City beat North Damon Athletic,654
6,1,North Damon Athletic beat Elliottmouth City,655
5,1,Elliottmouth City beat North Damon Athletic,656
4,1,North Damon Athletic beat Port Andrewview United,657
0,3,North Damon Athletic beat Port Andrewview United,658
2,2,Tied Game,659
3,3,Tied Game,660
2,2,Tied Game,661
2,6,North Damon Athletic beat Ricestad Athletic,662
5,5,Tied Game,663
5,1,Mckaychester Athletic beat North Damon Athletic,664
6,1,North Damon Athletic beat East Lauraport City,665
3,1,East Lauraport City beat North Damon Athletic,666
1,0,North Damon Athletic beat West Saraton Athletic,667
0,2,North Damon Athletic beat West Saraton Athletic,668
6,6,Tied Game,669
1,4,North Damon Athletic beat West Aaronshire FC,670
0,6,South Nancyborough City beat North Damon Athletic,671
0,0,Tied Game,672
0,2,Ryanville FC beat North Damon Athletic,673
1,6,North Damon Athletic beat Ryanville FC,674
2,6,Robertside Athletic beat North Damon Athletic,675
1,1,Tied Game,676
4,6,North Kristen FC beat North Damon Athletic,677
6,5,North Kristen FC beat North Damon Athletic,678
4,1,North Damon Athletic beat New David FC,679
5,3,New David FC beat North Damon Athletic,680
2,5,Harrismouth City beat North Damon Athletic,681
6,0,Harrismouth City beat North Damon Athletic,682
3,2,North Damon Athletic beat Dawnville United,683
0,6,North Damon Athletic beat Dawnville United,684
1,0,North Damon Athletic beat West Justin United,685
2,4,North Damon Athletic beat West Justin United,686
6,6,Tied Game,687
4,4,Tied Game,688
3,2,Andersonland FC beat Elliottmouth City,689
4,4,Tied Game,690
0,5,Port Andrewview United beat Andersonland FC,691
0,3,Andersonland FC beat Port Andrewview United,692
2,5,South Martin City beat Andersonland FC,693
3,5,Andersonland FC beat South Martin City,694
6,6,Tied Game,695
3,0,Ricestad Athletic beat Andersonland FC,696
2,0,Andersonland FC beat Mckaychester Athletic,697
6,6,Tied Game,698
6,1,Andersonland FC beat East Lauraport City,699
3,4,Andersonland FC beat East Lauraport City,700
3,1,Andersonland FC beat West Saraton Athletic,701
5,4,West Saraton Athletic beat Andersonland FC,702
6,1,Andersonland FC beat West Aaronshire FC,703
5,4,West Aaronshire FC beat Andersonland FC,704
2,1,Andersonland FC beat South Nancyborough City,705
4,1,South Nancyborough City beat Andersonland FC,706
4,2,Andersonland FC beat Ryanville FC,707
0,3,Andersonland FC beat Ryanville FC,708
4,4,Tied Game,709
3,3,Tied Game,710
4,3,Andersonland FC beat North Kristen FC,711
2,5,Andersonland FC beat North Kristen FC,712
4,1,Andersonland FC beat New David FC,713
6,4,New David FC beat Andersonland FC,714
0,3,Harrismouth City beat Andersonland FC,715
6,6,Tied Game,716
1,0,Andersonland FC beat Dawnville United,717
6,2,Dawnville United beat Andersonland FC,718
0,1,West Justin United beat Andersonland FC,719
1,6,Andersonland FC beat West Justin United,720
0,5,Elliottmouth City beat Marialand City,721
0,3,Marialand City beat Elliottmouth City,722
4,3,Marialand City beat Port Andrewview United,723
0,5,Marialand City beat Port Andrewview United,724
6,2,Marialand City beat South Martin City,725
3,1,South Martin City beat Marialand City,726
6,4,Marialand City beat Ricestad Athletic,727
0,3,Marialand City beat Ricestad Athletic,728
1,4,Mckaychester Athletic beat Marialand City,729
0,2,Marialand City beat Mckaychester Athletic,730
4,2,Marialand City beat East Lauraport City,731
0,0,Tied Game,732
4,3,Marialand City beat West Saraton Athletic,733
3,5,Marialand City beat West Saraton Athletic,734
0,0,Tied Game,735
5,0,West Aaronshire FC beat Marialand City,736
1,1,Tied Game,737
4,0,South Nancyborough City beat Marialand City,738
6,4,Marialand City beat Ryanville FC,739
6,6,Tied Game,740
0,2,Robertside Athletic beat Marialand City,741
0,2,Marialand City beat Robertside Athletic,742
1,5,North Kristen FC beat Marialand City,743
1,4,Marialand City beat North Kristen FC,744
4,6,New David FC beat Marialand City,745
1,2,Marialand City beat New David FC,746
2,6,Harrismouth City beat Marialand City,747
0,1,Marialand City beat Harrismouth City,748
2,0,Marialand City beat Dawnville United,749
5,2,Dawnville United beat Marialand City,750
6,5,Marialand City beat West Justin United,751
3,3,Tied Game,752
0,5,Port Andrewview United beat Elliottmouth City,753
2,3,Elliottmouth City beat Port Andrewview United,754
3,4,South Martin City beat Elliottmouth City,755
5,4,South Martin City beat Elliottmouth City,756
3,5,Ricestad Athletic beat Elliottmouth City,757
5,0,Ricestad Athletic beat Elliottmouth City,758
6,0,Elliottmouth City beat Mckaychester Athletic,759
5,1,Mckaychester Athletic beat Elliottmouth City,760
4,2,Elliottmouth City beat East Lauraport City,761
3,0,East Lauraport City beat Elliottmouth City,762
0,1,West Saraton Athletic beat Elliottmouth City,763
1,6,Elliottmouth City beat West Saraton Athletic,764
6,5,Elliottmouth City beat West Aaronshire FC,765
1,6,Elliottmouth City beat West Aaronshire FC,766
0,1,South Nancyborough City beat Elliottmouth City,767
3,6,Elliottmouth City beat South Nancyborough City,768
0,3,Ryanville FC beat Elliottmouth City,769
4,2,Ryanville FC beat Elliottmouth City,770
4,1,Elliottmouth City beat Robertside Athletic,771
4,4,Tied Game,772
4,3,Elliottmouth City beat North Kristen FC,773
4,2,North Kristen FC beat Elliottmouth City,774
1,4,New David FC beat Elliottmouth City,775
6,5,New David FC beat Elliottmouth City,776
3,6,Harrismouth City beat Elliottmouth City,777
4,6,Elliottmouth City beat Harrismouth City,778
2,1,Elliottmouth City beat Dawnville United,779
3,6,Elliottmouth City beat Dawnville United,780
1,6,West Justin United beat Elliottmouth City,781
1,1,Tied Game,782
2,5,South Martin City beat Port Andrewview United,783
6,2,South Martin City beat Port Andrewview United,784
3,2,Port Andrewview United beat Ricestad Athletic,785
2,1,Ricestad Athletic beat Port Andrewview United,786
2,4,Mckaychester Athletic beat Port Andrewview United,787
6,3,Mckaychester Athletic beat Port Andrewview United,788
5,0,Port Andrewview United beat East Lauraport City,789
5,0,East Lauraport City beat Port Andrewview United,790
1,0,Port Andrewview United beat West Saraton Athletic,791
2,3,Port Andrewview United beat West Saraton Athletic,792
0,6,West Aaronshire FC beat Port Andrewview United,793
1,2,Port Andrewview United beat West Aaronshire FC,794
4,2,Port Andrewview United beat South Nancyborough City,795
0,5,Port Andrewview United beat South Nancyborough City,796
3,5,Ryanville FC beat Port Andrewview United,797
6,3,Ryanville FC beat Port Andrewview United,798
0,0,Tied Game,799
1,2,Port Andrewview United beat Robertside Athletic,800
6,2,Port Andrewview United beat North Kristen FC,801
6,3,North Kristen FC beat Port Andrewview United,802
1,0,Port Andrewview United beat New David FC,803
6,3,New David FC beat Port Andrewview United,804
3,2,Port Andrewview United beat Harrismouth City,805
0,5,Port Andrewview United beat Harrismouth City,806
1,5,Dawnville United beat Port Andrewview United,807
6,4,Dawnville United beat Port Andrewview United,808
1,1,Tied Game,809
4,3,West Justin United beat Port Andrewview United,810
0,1,Ricestad Athletic beat South Martin City,811
5,2,Ricestad Athletic beat South Martin City,812
5,4,South Martin City beat Mckaychester Athletic,813
4,5,South Martin City beat Mckaychester Athletic,814
5,2,South Martin City beat East Lauraport City,815
6,4,East Lauraport City beat South Martin City,816
5,1,South Martin City beat West Saraton Athletic,817
5,5,Tied Game,818
2,4,West Aaronshire FC beat South Martin City,819
1,3,South Martin City beat West Aaronshire FC,820
0,3,South Nancyborough City beat South Martin City,821
2,5,South Martin City beat South Nancyborough City,822
2,4,Ryanville FC beat South Martin City,823
3,2,Ryanville FC beat South Martin City,824
1,1,Tied Game,825
2,1,Robertside Athletic beat South Martin City,826
0,6,North Kristen FC beat South Martin City,827
4,4,Tied Game,828
2,3,New David FC beat South Martin City,829
4,2,New David FC beat South Martin City,830
5,6,Harrismouth City beat South Martin City,831
4,2,Harrismouth City beat South Martin City,832
3,6,Dawnville United beat South Martin City,833
5,3,Dawnville United beat South Martin City,834
0,1,West Justin United beat South Martin City,835
6,0,West Justin United beat South Martin City,836
3,1,Ricestad Athletic beat Mckaychester Athletic,837
4,4,Tied Game,838
2,3,East Lauraport City beat Ricestad Athletic,839
1,6,Ricestad Athletic beat East Lauraport City,840
5,5,Tied Game,841
3,0,West Saraton Athletic beat Ricestad Athletic,842
2,0,Ricestad Athletic beat West Aaronshire FC,843
5,6,Ricestad Athletic beat West Aaronshire FC,844
1,2,South Nancyborough City beat Ricestad Athletic,845
5,0,South Nancyborough City beat Ricestad Athletic,846
0,0,Tied Game,847
5,5,Tied Game,848
3,1,Ricestad Athletic beat Robertside Athletic,849
6,3,Robertside Athletic beat Ricestad Athletic,850
5,5,Tied Game,851
3,4,Ricestad Athletic beat North Kristen FC,852
3,0,Ricestad Athletic beat New David FC,853
5,0,New David FC beat Ricestad Athletic,854
5,2,Ricestad Athletic beat Harrismouth City,855
3,4,Ricestad Athletic beat Harrismouth City,856
2,3,Dawnville United beat Ricestad Athletic,857
2,4,Ricestad Athletic beat Dawnville United,858
4,5,West Justin United beat Ricestad Athletic,859
6,1,West Justin United beat Ricestad Athletic,860
5,6,East Lauraport City beat Mckaychester Athletic,861
0,5,Mckaychester Athletic beat East Lauraport City,862
1,3,West Saraton Athletic beat Mckaychester Athletic,863
5,3,West Saraton Athletic beat Mckaychester Athletic,864
0,3,West Aaronshire FC beat Mckaychester Athletic,865
1,5,Mckaychester Athletic beat West Aaronshire FC,866
4,2,Mckaychester Athletic beat South Nancyborough City,867
1,4,Mckaychester Athletic beat South Nancyborough City,868
0,1,Ryanville FC beat Mckaychester Athletic,869
5,4,Ryanville FC beat Mckaychester Athletic,870
1,0,Mckaychester Athletic beat Robertside Athletic,871
6,6,Tied Game,872
5,5,Tied Game,873
4,4,Tied Game,874
6,0,Mckaychester Athletic beat New David FC,875
6,3,New David FC beat Mckaychester Athletic,876
5,2,Mckaychester Athletic beat Harrismouth City,877
0,4,Mckaychester Athletic beat Harrismouth City,878
5,1,Mckaychester Athletic beat Dawnville United,879
1,2,Mckaychester Athletic beat Dawnville United,880
5,5,Tied Game,881
1,0,West Justin United beat Mckaychester Athletic,882
4,2,East Lauraport City beat West Saraton Athletic,883
1,4,East Lauraport City beat West Saraton Athletic,884
4,5,West Aaronshire FC beat East Lauraport City,885
5,1,West Aaronshire FC beat East Lauraport City,886
1,2,South Nancyborough City beat East Lauraport City,887
2,4,East Lauraport City beat South Nancyborough City,888
3,6,Ryanville FC beat East Lauraport City,889
3,5,East Lauraport City beat Ryanville FC,890
6,6,Tied Game,891
3,5,East Lauraport City beat Robertside Athletic,892
1,6,North Kristen FC beat East Lauraport City,893
5,1,North Kristen FC beat East Lauraport City,894
0,6,New David FC beat East Lauraport City,895
3,6,East Lauraport City beat New David FC,896
3,4,Harrismouth City beat East Lauraport City,897
0,5,East Lauraport City beat Harrismouth City,898
5,6,Dawnville United beat East Lauraport City,899
0,6,East Lauraport City beat Dawnville United,900
0,2,West Justin United beat East Lauraport City,901
5,0,West Justin United beat East Lauraport City,902
6,5,West Saraton Athletic beat West Aaronshire FC,903
3,6,West Saraton Athletic beat West Aaronshire FC,904
6,0,West Saraton Athletic beat South Nancyborough City,905
3,1,South Nancyborough City beat West Saraton Athletic,906
1,4,Ryanville FC beat West Saraton Athletic,907
5,4,Ryanville FC beat West Saraton Athletic,908
2,6,Robertside Athletic beat West Saraton Athletic,909
1,4,West Saraton Athletic beat Robertside Athletic,910
6,4,West Saraton Athletic beat North Kristen FC,911
2,6,West Saraton Athletic beat North Kristen FC,912
5,5,Tied Game,913
3,1,New David FC beat West Saraton Athletic,914
6,6,Tied Game,915
0,2,West Saraton Athletic beat Harrismouth City,916
2,0,West Saraton Athletic beat Dawnville United,917
4,1,Dawnville United beat West Saraton Athletic,918
4,6,West Justin United beat West Saraton Athletic,919
5,4,West Justin United beat West Saraton Athletic,920
2,4,South Nancyborough City beat West Aaronshire FC,921
1,5,West Aaronshire FC beat South Nancyborough City,922
4,6,Ryanville FC beat West Aaronshire FC,923
6,0,Ryanville FC beat West Aaronshire FC,924
5,2,West Aaronshire FC beat Robertside Athletic,925
4,4,Tied Game,926
0,2,North Kristen FC beat West Aaronshire FC,927
1,0,North Kristen FC beat West Aaronshire FC,928
2,6,New David FC beat West Aaronshire FC,929
5,3,New David FC beat West Aaronshire FC,930
3,3,Tied Game,931
6,5,Harrismouth City beat West Aaronshire FC,932
2,5,Dawnville United beat West Aaronshire FC,933
3,3,Tied Game,934
6,4,West Aaronshire FC beat West Justin United,935
1,6,West Aaronshire FC beat West Justin United,936
5,6,Ryanville FC beat South Nancyborough City,937
0,1,South Nancyborough City beat Ryanville FC,938
0,4,Robertside Athletic beat South Nancyborough City,939
3,5,South Nancyborough City beat Robertside Athletic,940
1,6,North Kristen FC beat South Nancyborough City,941
5,4,North Kristen FC beat South Nancyborough City,942
5,6,New David FC beat South Nancyborough City,943
1,1,Tied Game,944
2,5,Harrismouth City beat South Nancyborough City,945
0,5,South Nancyborough City beat Harrismouth City,946
4,6,Dawnville United beat South Nancyborough City,947
5,4,Dawnville United beat South Nancyborough City,948
4,5,West Justin United beat South Nancyborough City,949
0,2,South Nancyborough City beat West Justin United,950
4,0,Ryanville FC beat Robertside Athletic,951
6,5,Robertside Athletic beat Ryanville FC,952
4,5,North Kristen FC beat Ryanville FC,953
1,4,Ryanville FC beat North Kristen FC,954
1,0,Ryanville FC beat New David FC,955
6,0,New David FC beat Ryanville FC,956
1,0,Ryanville FC beat Harrismouth City,957
0,4,Ryanville FC beat Harrismouth City,958
6,1,Ryanville FC beat Dawnville United,959
6,2,Dawnville United beat Ryanville FC,960
3,5,West Justin United beat Ryanville FC,961
4,4,Tied Game,962
3,2,Robertside Athletic beat North Kristen FC,963
1,0,North Kristen FC beat Robertside Athletic,964
2,1,Robertside Athletic beat New David FC,965
4,1,New David FC beat Robertside Athletic,966
0,6,Harrismouth City beat Robertside Athletic,967
6,0,Harrismouth City beat Robertside Athletic,968
3,0,Robertside Athletic beat Dawnville United,969
2,0,Dawnville United beat Robertside Athletic,970
3,3,Tied Game,971
0,6,Robertside Athletic beat West Justin United,972
2,1,North Kristen FC beat New David FC,973
1,2,North Kristen FC beat New David FC,974
5,6,Harrismouth City beat North Kristen FC,975
1,3,North Kristen FC beat Harrismouth City,976
1,2,Dawnville United beat North Kristen FC,977
3,0,Dawnville United beat North Kristen FC,978
2,4,West Justin United beat North Kristen FC,979
0,3,North Kristen FC beat West Justin United,980
4,0,New David FC beat Harrismouth City,981
4,6,New David FC beat Harrismouth City,982
6,2,New David FC beat Dawnville United,983
4,6,New David FC beat Dawnville United,984
3,1,New David FC beat West Justin United,985
2,2,Tied Game,986
5,0,Harrismouth City beat Dawnville United,987
1,0,Dawnville United beat Harrismouth City,988
6,3,Harrismouth City beat West Justin United,989
5,5,Tied Game,990
2,6,West Justin United beat Dawnville United,991
5,6,Dawnville United beat West Justin United,992
